Unité,Famille,Item,Rep,Designation,DN,PN,MatiereJ,Rondelle,MatiereB,Mise,Nom,MatJ,Dim,Visu,Neuve,Rond,Equi,Grais,LgDiam,MatB,Para,Exc,E,J,B,A,Conf
HDS,Ballon,D1153,a,ENTREE,450,20,Spiralé,Non,B7,O,,,,,,,,,,,,,,,,,
HDS,Ballon,D1153,b,SORTIE GAS OIL,50,20,Spiralé,Non,B7,O,,,,,,,,,,,,,,,,,
HDS,Ballon,D1153,c,EQUILIBRAGE EVENT,50,50,Spiralé,Non,B7,N,N,A,,,,,,,,,,,O,,,,
HDS,Ballon,D1153,d,SORTIE EAU,50,20,Spiralé,Non,B7,O,,,,,,,,,,,,,,,,,
HDS,Ballon,D1153,e,SORTIE EAU,20,20,Spiralé,Non,B7,O,,,,,,,,,,,,,,,,,
HDS,Ballon,D1153,f,TH,50,50,RTJ,Oui,H7,O,,O,O,O,,,,,,,,,,P,,,
HDS,Ballon,D1153,g,TH,50,50,RTJ,Oui,H7,O,,O,,,,,,,,,,,,,,,
HDS,Ballon,D1153,h,,250,20,Spiralé,Non,B7,O,,,,,,,,,,,,,,,,,
HDS,Ballon,D1153,i,PIQUAGE HAUT LG,150,20,Spiralé,Non,B7,O,,,,,,,,,,,,,,,,,
HDS,Ballon,D1153,j,PIQUAGE BASLG,250,20,Spiralé,Non,B7,O,,O,A,N,,,,,,,,,,O,,,
HDS,Ballon,D1153,k,PIQUAGE HAUT LG,50,50,Spiralé,Non,B7,O,O,N,A,N,N,O,O,O,O,O,O,O,P,O,O,P,O
HDS,Ballon,D1153,l,PIQUAGE BAS LG,20,20,Spiralé,Non,B7,O,,,,,,,,,,,,,,,,,
HDS,Ballon,D1153,m,PIQUAGE HAUT LIC150,50,50,Spiralé,Non,B7,O,,,,,,,,,,,,,,,,,
HDS,Ballon,D1153,n,PIQUAGE BAS LIC150,,,,,,N,O,O,A,N,A,O,O,O,O,O,O,O,O,O,O,P,O
HDS,Ballon,D1153,o,PIQUAGE HAUT LHA151,,,,,,,,,,,,,,,,,,,,,,,
HDS,Ballon,D1153,p,PIQUAGE BAS LHA151,,,,,,O,O,O,N,N,,,,,,,,,P,O,,,
HDS,Ballon,D1153,q,PIQUAGE HAUT LLA152,,,,,,,,,,,O,,O,N,O,,,,,,,,
HDS,Ballon,D1153,r,PIQUAGE BAS LLA152,,,,,,,,,,,,,,,,,,,,,,,
HDS,Ballon,D1153,s,PIQUAGE HAUT LDIC,,,,,,,,,,,,,,,,,,,,,,,
HDS,Ballon,D1153,t,PIQUAGE BAS LDIC,,,,,,,,,,,,,,,,,,,,,,,
HDS,Ballon,D1155,1,Entrée Vapeur Liquide,,,,,,,,,,,,,,,,,,,,,,,
HDS,Ballon,D1155,2,Sortie Vapeur,,,,,,,,,,,,,,,,,,,,,,,
HDS,Ballon,D1155,3,Sortie Liquide HC vers P1151,,,,,,,,,,,,,,,,,,,,,,,
HDS,Ballon,D1155,4,Sortie d'Eau,,,,,,,,,,,,,,,,,,,,,,,
HDS,Ballon,D1155,5,Event,,,,,,,,,,,,,,,,,,,,,,,
HDS,Ballon,D1155,6,TH,,,,,,,,,,,,,,,,,,,,,,,
HDS,Ballon,D1155,7,LIC165,,,,,,,,,,,,,,,,,,,,,,,
HDS,Ballon,D1155,8,LIC165,,,,,,,,,,,,,,,,,,,,,,,
HDS,Ballon,D1155,9,LG BI-ROUTE,,,,,,,,,,,,,,,,,,,,,,,
HDS,Ballon,D1155,10,LG BI-ROUTE,,,,,,,,,,,,,,,,,,,,,,,
HDS,Ballon,D1155,11,LG D1155,,,,,,,,,,,,,,,,,,,,,,,
HDS,Ballon,D1155,12,LG D1155,,,,,,,,,,,,,,,,,,,,,,,
HDS,Ballon,D1155,13,LDIC 166 BI-ROUTE,,,,,,,,,,,,,,,,,,,,,,,
HDS,Ballon,D1155,14,LDIC 166 BI-ROUTE,,,,,,,,,,,,,,,,,,,,,,,
HDS,Ballon,D1155,15,LHA 174,,,,,,,,,,,,,,,,,,,,,,,
HDS,Ballon,D1155,16,LHA 174,,,,,,,,,,,,,,,,,,,,,,,
HDS,Ballon,D1156,1,Entrée,,,,,,,,,,,,,,,,,,,,,,,
HDS,Ballon,D1156,2,Sortie Vapeur,,,,,,,,,,,,,,,,,,,,,,,
HDS,Ballon,D1156,3,Sortie liquide,,,,,,,,,,,,,,,,,,,,,,,
HDS,Ballon,D1156,4,Event,,,,,,,,,,,,,,,,,,,,,,,
HDS,Ballon,D1156,5,TROU D'HOMME,,,,,,,,,,,,,,,,,,,,,,,
HDS,Ballon,D1156,6,piquage bas LHA 162,,,,,,,,,,,,,,,,,,,,,,,
HDS,Ballon,D1156,7,piquage haut LHA 162,,,,,,,,,,,,,,,,,,,,,,,
HDS,Ballon,D1156,8,piquage bas LHO 163,,,,,,,,,,,,,,,,,,,,,,,
HDS,Ballon,D1156,9,piquage haut LHO 163,,,,,,,,,,,,,,,,,,,,,,,
HDS,Ballon,D1156,10,piquage bas LG inf,,,,,,,,,,,,,,,,,,,,,,,
HDS,Ballon,D1156,11,piquage haut LG inf,,,,,,,,,,,,,,,,,,,,,,,
HDS,Ballon,D1156,12,piquage bas LG inf,,,,,,,,,,,,,,,,,,,,,,,
HDS,Ballon,D1156,13,piquage haut LG inf,,,,,,,,,,,,,,,,,,,,,,,
HDS,Ballon,D1157,1,Entrée,,,,,,,,,,,,,,,,,,,,,,,
HDS,Ballon,D1157,2,Sortie Vapeur,,,,,,,,,,,,,,,,,,,,,,,
HDS,Ballon,D1157,3,Sortie liquide,,,,,,,,,,,,,,,,,,,,,,,
HDS,Ballon,D1157,4,Event,,,,,,,,,,,,,,,,,,,,,,,
HDS,Ballon,D1157,5,Trou d'Homme,,,,,,,,,,,,,,,,,,,,,,,
HDS,Ballon,D1157,6,piquage bas LHA 156,,,,,,,,,,,,,,,,,,,,,,,
HDS,Ballon,D1157,7,piquage haut LHA 156,,,,,,,,,,,,,,,,,,,,,,,
HDS,Ballon,D1157,8,piquage bas LHO 155,,,,,,,,,,,,,,,,,,,,,,,
HDS,Ballon,D1157,9,piquage haut LHO 155,,,,,,,,,,,,,,,,,,,,,,,
HDS,Ballon,D1157,10,piquage bas LG inf,,,,,,,,,,,,,,,,,,,,,,,
HDS,Ballon,D1157,11,piquage haut LG inf,,,,,,,,,,,,,,,,,,,,,,,
HDS,Ballon,D1157,12,piquage bas LG inf,,,,,,,,,,,,,,,,,,,,,,,
HDS,Ballon,D1157,13,piquage haut LG inf,,,,,,,,,,,,,,,,,,,,,,,
HDS,Ballon,D1166,1N,Entrée Coalescer,,,,,,,,,,,,,,,,,,,,,,,
HDS,Ballon,D1166,2N,Sortie Coalescer,,,,,,,,,,,,,,,,,,,,,,,
HDS,Ballon,D1166,3N,Sortie eau,,,,,,,,,,,,,,,,,,,,,,,
HDS,Ballon,D1166,4N,Event,,,,,,,,,,,,,,,,,,,,,,,
HDS,Ballon,D1166,5N,Entrée Soupape,,,,,,,,,,,,,,,,,,,,,,,
HDS,Ballon,D1166,6NA,Trou d'Homme,,,,,,,,,,,,,,,,,,,,,,,
HDS,Ballon,D1166,6NB,Trou d'Homme,,,,,,,,,,,,,,,,,,,,,,,
HDS,Ballon,D1166,6NC,Trou d'Homme,,,,,,,,,,,,,,,,,,,,,,,
HDS,Ballon,D1166,1CNA,Contrôle de Niveau,,,,,,,,,,,,,,,,,,,,,,,
HDS,Ballon,D1166,1CNB,Contrôle de Niveau,,,,,,,,,,,,,,,,,,,,,,,
HDS,Ballon,D1166,2CNA,Indicateur de Niveau,,,,,,,,,,,,,,,,,,,,,,,
HDS,Ballon,D1166,2CNB,Indicateur de Niveau,,,,,,,,,,,,,,,,,,,,,,,
HDS,Ballon,D1166,3CNA,Alarme Niveau Bas,,,,,,,,,,,,,,,,,,,,,,,
HDS,Ballon,D1166,3CNB,Alarme Niveau Bas,,,,,,,,,,,,,,,,,,,,,,,
HDS,Ballon,D1414,1,TH,,,,,,,,,,,,,,,,,,,,,,,
HDS,Ballon,D1414,2,Alimentation,,,,,,,,,,,,,,,,,,,,,,,
HDS,Ballon,D1414,3,Sortie de Tête,,,,,,,,,,,,,,,,,,,,,,,
HDS,Ballon,D1414,4,Sortie de Liquide,,,,,,,,,,,,,,,,,,,,,,,
HDS,Ballon,D1414,5,Entrée Serpentin,,,,,,,,,,,,,,,,,,,,,,,
HDS,Ballon,D1414,6,Sortie Serpentin,,,,,,,,,,,,,,,,,,,,,,,
HDS,Ballon,D1414,7,Niveau à Glace Bas,,,,,,,,,,,,,,,,,,,,,,,
HDS,Ballon,D1414,8,Niveau à Glace Haut,,,,,,,,,,,,,,,,,,,,,,,
HDS,Ballon,D1414,9,LHHA 533 Piquage Bas ,,,,,,,,,,,,,,,,,,,,,,,
HDS,Ballon,D1414,10,LHHA 533 Piquage Haut ,,,,,,,,,,,,,,,,,,,,,,,
HDS,Ballon,D1414,11,LHCO 608 Piquage Bas,,,,,,,,,,,,,,,,,,,,,,,
HDS,Ballon,D1414,12,LHCO 608 Piquage Haut,,,,,,,,,,,,,,,,,,,,,,,
HDS,Ballon,D1461,1,TROU D'HOMME,,,,,,,,,,,,,,,,,,,,,,,
HDS,Ballon,D1461,2,Alimentation,,,,,,,,,,,,,,,,,,,,,,,
HDS,Ballon,D1461,3,Sortie Soupape,,,,,,,,,,,,,,,,,,,,,,,
HDS,Ballon,D1461,4,Sortie de tête,,,,,,,,,,,,,,,,,,,,,,,
HDS,Ballon,D1461,5,Drain,,,,,,,,,,,,,,,,,,,,,,,
HDS,Ballon,D1461,6,Piquage Haut LG 1461,,,,,,,,,,,,,,,,,,,,,,,
HDS,Ballon,D1461,7,Piquage Bas LG 1461,,,,,,,,,,,,,,,,,,,,,,,
HDS,Ballon,D1463,1,Entée,,,,,,,,,,,,,,,,,,,,,,,
HDS,Ballon,D1463,2,Sortie,,,,,,,,,,,,,,,,,,,,,,,
HDS,Ballon,D1463,3,Purge,,,,,,,,,,,,,,,,,,,,,,,
HDS,Ballon,D1463,4,LG Haut,,,,,,,,,,,,,,,,,,,,,,,
HDS,Ballon,D1463,5,LG Bas,,,,,,,,,,,,,,,,,,,,,,,
HDS,Ballon,D1611,1,Piquage Bas LG (1),,,,,,,,,,,,,,,,,,,,,,,
HDS,Ballon,D1611,2,Piquage haut LLO 619,,,,,,,,,,,,,,,,,,,,,,,
HDS,Ballon,D1611,3,Piquage Haut LHA I 920 ,,,,,,,,,,,,,,,,,,,,,,,
HDS,Ballon,D1611,4,Piquage Bas LHA I 920 ,,,,,,,,,,,,,,,,,,,,,,,
HDS,Ballon,D1611,5,Piquage Bas LLO 619,,,,,,,,,,,,,,,,,,,,,,,
HDS,Ballon,D1611,6,piquage Haut LG (1),,,,,,,,,,,,,,,,,,,,,,,
HDS,Ballon,D1611,7,Piquage Bas Lg (2),,,,,,,,,,,,,,,,,,,,,,,
HDS,Ballon,D1611,8,Piquage Haut LG (2),,,,,,,,,,,,,,,,,,,,,,,
HDS,Ballon,D1611,9,Sortie Ecremage,,,,,,,,,,,,,,,,,,,,,,,
HDS,Ballon,D1611,10,Sortie Serpentin,,,,,,,,,,,,,,,,,,,,,,,
HDS,Ballon,D1611,11,Entrée Serpentin,,,,,,,,,,,,,,,,,,,,,,,
HDS,Ballon,D1611,12,Sortie Serpentin,,,,,,,,,,,,,,,,,,,,,,,
HDS,Ballon,D1611,13,Entrée Serpentin,,,,,,,,,,,,,,,,,,,,,,,
HDS,Ballon,D1611,14,Piquage sup LHO 617,,,,,,,,,,,,,,,,,,,,,,,
HDS,Ballon,D1611,15,Piquage inf LHO 617,,,,,,,,,,,,,,,,,,,,,,,
HDS,Ballon,D1611,16,"Piquage 1"" Bouchonné",,,,,,,,,,,,,,,,,,,,,,,
HDS,Ballon,D1611,17,"Piquage 1"" tape pleine",,,,,,,,,,,,,,,,,,,,,,,
HDS,Ballon,D1611,18,LHA Piquage sup 629,,,,,,,,,,,,,,,,,,,,,,,
HDS,Ballon,D1611,19,LHA Piquage inf 629,,,,,,,,,,,,,,,,,,,,,,,
HDS,Ballon,D1611,20,LG sup Bas,,,,,,,,,,,,,,,,,,,,,,,
HDS,Ballon,D1611,21,LG inf Bas,,,,,,,,,,,,,,,,,,,,,,,
HDS,Ballon,D1611,22,LG sup Milieu,,,,,,,,,,,,,,,,,,,,,,,
HDS,Ballon,D1611,23,LG inf Milieu,,,,,,,,,,,,,,,,,,,,,,,
HDS,Ballon,D1611,24,LG Sup Haut,,,,,,,,,,,,,,,,,,,,,,,
HDS,Ballon,D1611,25,LG inf Haut,,,,,,,,,,,,,,,,,,,,,,,
HDS,Ballon,D1611,26,Sortie Serpentin,,,,,,,,,,,,,,,,,,,,,,,
HDS,Ballon,D1611,27,Entrée Serpentin,,,,,,,,,,,,,,,,,,,,,,,
HDS,Ballon,D1611,28,Sortie Eau,,,,,,,,,,,,,,,,,,,,,,,
HDS,Ballon,D1611,29,Sortie ,,,,,,,,,,,,,,,,,,,,,,,
HDS,Ballon,D1611,30,Sortie,,,,,,,,,,,,,,,,,,,,,,,
HDS,Ballon,D1611,31,Sortie GAZ,,,,,,,,,,,,,,,,,,,,,,,
HDS,Ballon,D1611,32,Sortie GAZ,,,,,,,,,,,,,,,,,,,,,,,
HDS,Ballon,D1611,33,Entrée ,,,,,,,,,,,,,,,,,,,,,,,
HDS,Ballon,D1611,34,Entrée,,,,,,,,,,,,,,,,,,,,,,,
HDS,Ballon,D1611,35,Alimentation,,,,,,,,,,,,,,,,,,,,,,,
HDS,Ballon,D1611,36,TH + BP,,,,,,,,,,,,,,,,,,,,,,,
HDS,Ballon,D1611,37,TH sud,,,,,,,,,,,,,,,,,,,,,,,
HDS,Ballon,D1611,38,LHH 618,,,,,,,,,,,,,,,,,,,,,,,
HDS,Ballon,D1611,39,LHA 618,,,,,,,,,,,,,,,,,,,,,,,
HDS,Ballon,D1612,1,Trou d'homme,,,,,,,,,,,,,,,,,,,,,,,
HDS,Ballon,D1612,2,Entrée GAZ,,,,,,,,,,,,,,,,,,,,,,,
HDS,Ballon,D1612,3,Sortie GAZ,,,,,,,,,,,,,,,,,,,,,,,
HDS,Ballon,D1612,4,Sortie de Surface,,,,,,,,,,,,,,,,,,,,,,,
HDS,Ballon,D1612,5,Sortie d'Eau,,,,,,,,,,,,,,,,,,,,,,,
HDS,Ballon,D1612,6,Trop Plein,,,,,,,,,,,,,,,,,,,,,,,
HDS,Ballon,D1612,7,Entrée d'Eau,,,,,,,,,,,,,,,,,,,,,,,
HDS,Ballon,D1612,8,Rampe Vapeur,,,,,,,,,,,,,,,,,,,,,,,
HDS,Ballon,D1612,9,Purge Egout,,,,,,,,,,,,,,,,,,,,,,,
HDS,Ballon,D1612,10,TIC 1614,,,,,,,,,,,,,,,,,,,,,,,
HDS,Ballon,D1612,11,Niveau LIC 621 Piquage Bas,,,,,,,,,,,,,,,,,,,,,,,
HDS,Ballon,D1612,12,Lg Piquage Bas,,,,,,,,,,,,,,,,,,,,,,,
HDS,Ballon,D1612,13,¨Piquage Haut LIC 621,,,,,,,,,,,,,,,,,,,,,,,
HDS,Ballon,D1612,14,LG Piquage Haut,,,,,,,,,,,,,,,,,,,,,,,
HDS,Ballon,D1612,15,Sortie GAZ,,,,,,,,,,,,,,,,,,,,,,,
HDS,Ballon,D1703,1,TH,,,,,,,,,,,,,,,,,,,,,,,
HDS,Ballon,D1703,2,Event ,,,,,,,,,,,,,,,,,,,,,,,
HDS,Ballon,D1703,3,Entrée Eau,,,,,,,,,,,,,,,,,,,,,,,
HDS,Ballon,D1703,4,Entrée Vapeur,,,,,,,,,,,,,,,,,,,,,,,
HDS,Ballon,D1703,5,Entrée Vapeur,,,,,,,,,,,,,,,,,,,,,,,
HDS,Ballon,D1703,6,Purge Continue,,,,,,,,,,,,,,,,,,,,,,,
HDS,Ballon,D1703,7,Extraction,,,,,,,,,,,,,,,,,,,,,,,
HDS,Ballon,D1703,8,Event (Process),,,,,,,,,,,,,,,,,,,,,,,
HDS,Ballon,D1703,9,Sortie Vapeur,,,,,,,,,,,,,,,,,,,,,,,
HDS,Ballon,D1703,10,Sortie d'Eau,,,,,,,,,,,,,,,,,,,,,,,
HDS,Ballon,D1703,11,Sortie d'Eau,,,,,,,,,,,,,,,,,,,,,,,
HDS,Ballon,D1703,12,SV 1702 A,,,,,,,,,,,,,,,,,,,,,,,
HDS,Ballon,D1703,13,SV 1702 B,,,,,,,,,,,,,,,,,,,,,,,
HDS,Ballon,D1703,14,PI 07,,,,,,,,,,,,,,,,,,,,,,,
HDS,Ballon,D1703,15,LG 01,,,,,,,,,,,,,,,,,,,,,,,
HDS,Ballon,D1703,16,LG 01,,,,,,,,,,,,,,,,,,,,,,,
HDS,Ballon,D1703,17,Trop Plein,,,,,,,,,,,,,,,,,,,,,,,
HDS,Ballon,D1703,18,Purge Continue,,,,,,,,,,,,,,,,,,,,,,,
HDS,Ballon,D1703,19, LHS 706,,,,,,,,,,,,,,,,,,,,,,,
HDS,Ballon,D1703,20,LHS 706,,,,,,,,,,,,,,,,,,,,,,,
HDS,Ballon,D1703,21,LLS 707,,,,,,,,,,,,,,,,,,,,,,,
HDS,Ballon,D1703,22,LLS 707,,,,,,,,,,,,,,,,,,,,,,,
HDS,Ballon,D1703,23,LLCO 709,,,,,,,,,,,,,,,,,,,,,,,
HDS,Ballon,D1703,24,LLCO 709,,,,,,,,,,,,,,,,,,,,,,,
HDS,Ballon,D2101,1,ALIMENTATION,,,,,,,,,,,,,,,,,,,,,,,
HDS,Ballon,D2101,2,EVENT,,,,,,,,,,,,,,,,,,,,,,,
HDS,Ballon,D2101,3,LG,,,,,,,,,,,,,,,,,,,,,,,
HDS,Ballon,D2101,4,LG,,,,,,,,,,,,,,,,,,,,,,,
HDS,Ballon,D2101,5,LG,,,,,,,,,,,,,,,,,,,,,,,
HDS,Ballon,D2101,6,LG,,,,,,,,,,,,,,,,,,,,,,,
HDS,Ballon,D2101,7,CONTROLEUR DE NIVEAU,,,,,,,,,,,,,,,,,,,,,,,
HDS,Ballon,D2101,8,CONTROLEUR DE NIVEAU,,,,,,,,,,,,,,,,,,,,,,,
HDS,Ballon,D2101,9,ALARME NIVEAU,,,,,,,,,,,,,,,,,,,,,,,
HDS,Ballon,D2101,10,ALARME NIVEAU,,,,,,,,,,,,,,,,,,,,,,,
HDS,Ballon,D2101,11,SORTIE,,,,,,,,,,,,,,,,,,,,,,,
HDS,Ballon,D2101,12,SORTIE DE FOND,,,,,,,,,,,,,,,,,,,,,,,
HDS,Ballon,D2101,13,SORTIE DE TETE,,,,,,,,,,,,,,,,,,,,,,,
HDS,Ballon,D2101,14,TROU D'HOMME,,,,,,,,,,,,,,,,,,,,,,,
HDS,Ballon,D2101,15,ALIMENTATION,,,,,,,,,,,,,,,,,,,,,,,
HDS,Ballon,D2102,1,ALIMENTATION,,,,,,,,,,,,,,,,,,,,,,,
HDS,Ballon,D2102,2,TROU D'HOMME,,,,,,,,,,,,,,,,,,,,,,,
HDS,Ballon,D2102,3,LG,,,,,,,,,,,,,,,,,,,,,,,
HDS,Ballon,D2102,4,LG,,,,,,,,,,,,,,,,,,,,,,,
HDS,Ballon,D2102,5,LG,,,,,,,,,,,,,,,,,,,,,,,
HDS,Ballon,D2102,6,LG,,,,,,,,,,,,,,,,,,,,,,,
HDS,Ballon,D2102,7,LG,,,,,,,,,,,,,,,,,,,,,,,
HDS,Ballon,D2102,8,LG,,,,,,,,,,,,,,,,,,,,,,,
HDS,Ballon,D2102,9,LG,,,,,,,,,,,,,,,,,,,,,,,
HDS,Ballon,D2102,10,LG,,,,,,,,,,,,,,,,,,,,,,,
HDS,Ballon,D2102,11,LG,,,,,,,,,,,,,,,,,,,,,,,
HDS,Ballon,D2102,12,LG,,,,,,,,,,,,,,,,,,,,,,,
HDS,Ballon,D2102,13,CONTROLEUR DE NIVEAU,,,,,,,,,,,,,,,,,,,,,,,
HDS,Ballon,D2102,14,CONTROLEUR DE NIVEAU,,,,,,,,,,,,,,,,,,,,,,,
HDS,Ballon,D2102,15,CONTROLEUR DE NIVEAU,,,,,,,,,,,,,,,,,,,,,,,
HDS,Ballon,D2102,16,CONTROLEUR DE NIVEAU,,,,,,,,,,,,,,,,,,,,,,,
HDS,Ballon,D2102,17,Vault\Procedures\OPERATION\OPE-AUTRES,,,,,,,,,,,,,,,,,,,,,,,
HDS,Ballon,D2103,1,ALIMENTATION,,,,,,,,,,,,,,,,,,,,,,,
HDS,Ballon,D2103,2,TROU D'HOMME,,,,,,,,,,,,,,,,,,,,,,,
HDS,Ballon,D2103,3,LG APPENDICE,,,,,,,,,,,,,,,,,,,,,,,
HDS,Ballon,D2103,4,LG APPENDICE,,,,,,,,,,,,,,,,,,,,,,,
HDS,Ballon,D2103,5,CONTROLEUR DE NIVEAU APPENDICE,,,,,,,,,,,,,,,,,,,,,,,
HDS,Ballon,D2103,6,CONTROLEUR DE NIVEAUAPPENDICE,,,,,,,,,,,,,,,,,,,,,,,
HDS,Ballon,D2103,7,SORTIE APPENDICE,,,,,,,,,,,,,,,,,,,,,,,
HDS,Ballon,D2103,8,TROU D'HOMME,,,,,,,,,,,,,,,,,,,,,,,
HDS,Ballon,D2103,9,EVENT,,,,,,,,,,,,,,,,,,,,,,,
HDS,Ballon,D2103,10,LG,,,,,,,,,,,,,,,,,,,,,,,
HDS,Ballon,D2103,11,LG,,,,,,,,,,,,,,,,,,,,,,,
HDS,Ballon,D2103,12,AP/CEL,,,,,,,,,,,,,,,,,,,,,,,
HDS,Ballon,D2103,13,AP/CEL,,,,,,,,,,,,,,,,,,,,,,,
HDS,Ballon,D2103,14,SORTIE VAPEUR,,,,,,,,,,,,,,,,,,,,,,,
HDS,Ballon,D2103,15,SORTIE FOND,,,,,,,,,,,,,,,,,,,,,,,
HDS,Ballon,D2106,1,LG,,,,,,,,,,,,,,,,,,,,,,,
HDS,Ballon,D2106,2,LG,,,,,,,,,,,,,,,,,,,,,,,
HDS,Ballon,D2106,3,LG,,,,,,,,,,,,,,,,,,,,,,,
HDS,Ballon,D2106,4,LG,,,,,,,,,,,,,,,,,,,,,,,
HDS,Ballon,D2106,5,ALIMENTATION,,,,,,,,,,,,,,,,,,,,,,,
HDS,Ballon,D2106,6,LIGNE D'EQUILIBRE,,,,,,,,,,,,,,,,,,,,,,,
HDS,Ballon,D2106,7,TROU D'HOMME,,,,,,,,,,,,,,,,,,,,,,,
HDS,Ballon,D2106,8,SORTIE LIQUIDE,,,,,,,,,,,,,,,,,,,,,,,
HDS,Ballon,D2803,1,TH,,,,,,,,,,,,,,,,,,,,,,,
HDS,Ballon,D2803,2,TH,,,,,,,,,,,,,,,,,,,,,,,
HDS,Ballon,D2803,3,Entrée MEA,,,,,,,,,,,,,,,,,,,,,,,
HDS,Ballon,D2803,4,Sortie MEA,,,,,,,,,,,,,,,,,,,,,,,
HDS,Ballon,D2803,5,Drain,,,,,,,,,,,,,,,,,,,,,,,
HDS,Ballon,D2803,6,Sortie Liquide Hydro,,,,,,,,,,,,,,,,,,,,,,,
HDS,Ballon,D2803,7,Event Dégazage,,,,,,,,,,,,,,,,,,,,,,,
HDS,Ballon,D2803,8,LG,,,,,,,,,,,,,,,,,,,,,,,
HDS,Ballon,D2803,9,LG,,,,,,,,,,,,,,,,,,,,,,,
HDS,Ballon,D2803,10,LG,,,,,,,,,,,,,,,,,,,,,,,
HDS,Ballon,D2803,11,LG,,,,,,,,,,,,,,,,,,,,,,,
HDS,Ballon,D2803,12,LG,,,,,,,,,,,,,,,,,,,,,,,
HDS,Ballon,D2803,13,LG,,,,,,,,,,,,,,,,,,,,,,,
HDS,Ballon,D2803,14,LG,,,,,,,,,,,,,,,,,,,,,,,
HDS,Ballon,D2803,15,LG,,,,,,,,,,,,,,,,,,,,,,,
HDS,Ballon,D2803,16,LG,,,,,,,,,,,,,,,,,,,,,,,
HDS,Ballon,D2803,17,LG,,,,,,,,,,,,,,,,,,,,,,,
HDS,Ballon,D2803,18,LG,,,,,,,,,,,,,,,,,,,,,,,
HDS,Ballon,D2803,19,LG,,,,,,,,,,,,,,,,,,,,,,,
HDS,Ballon,D2803,20,LG,,,,,,,,,,,,,,,,,,,,,,,
HDS,Ballon,D2803,21,LG,,,,,,,,,,,,,,,,,,,,,,,
HDS,Ballon,D2803,22,LG,,,,,,,,,,,,,,,,,,,,,,,
HDS,Ballon,D2803,23,LG,,,,,,,,,,,,,,,,,,,,,,,
HDS,Ballon,D2803,24,LG,,,,,,,,,,,,,,,,,,,,,,,
HDS,Ballon,D2803,25,LG,,,,,,,,,,,,,,,,,,,,,,,
HDS,Ballon,D2803,26,LLA 830,,,,,,,,,,,,,,,,,,,,,,,
HDS,Ballon,D2803,27,LLA 830,,,,,,,,,,,,,,,,,,,,,,,
HDS,Ballon,D2803,28,LC 806,,,,,,,,,,,,,,,,,,,,,,,
HDS,Ballon,D2803,29,LC 806,,,,,,,,,,,,,,,,,,,,,,,
HDS,Ballon,D2803,30,LHCO,,,,,,,,,,,,,,,,,,,,,,,
HDS,Ballon,D2803,31,LHCO,,,,,,,,,,,,,,,,,,,,,,,
HDS,Ballon,D2803,32,T2 L824,,,,,,,,,,,,,,,,,,,,,,,
HDS,Ballon,D2803,33,T2 L824,,,,,,,,,,,,,,,,,,,,,,,
HDS,Ballon,D2855,1,Entrée Liquide,,,,,,,,,,,,,,,,,,,,,,,
HDS,Ballon,D2855,2,SV,,,,,,,,,,,,,,,,,,,,,,,
HDS,Ballon,D2855,3,Event,,,,,,,,,,,,,,,,,,,,,,,
HDS,Ballon,D2855,4,Sortie Liquide,,,,,,,,,,,,,,,,,,,,,,,
HDS,Ballon,D2855,5,Sortie HC,,,,,,,,,,,,,,,,,,,,,,,
HDS,Ballon,D2855,6,Vidange,,,,,,,,,,,,,,,,,,,,,,,
HDS,Ballon,D2855,7,TH,,,,,,,,,,,,,,,,,,,,,,,
HDS,Ballon,D2855,8,TH,,,,,,,,,,,,,,,,,,,,,,,
HDS,Ballon,D2855,9,LG,,,,,,,,,,,,,,,,,,,,,,,
HDS,Ballon,D2855,10,LG,,,,,,,,,,,,,,,,,,,,,,,
HDS,Ballon,D2855,11,LAH,,,,,,,,,,,,,,,,,,,,,,,
HDS,Ballon,D2855,12,LAH,,,,,,,,,,,,,,,,,,,,,,,
HDS,Ballon,D2855,13,LG,,,,,,,,,,,,,,,,,,,,,,,
HDS,Ballon,D2855,14,LG,,,,,,,,,,,,,,,,,,,,,,,
HDS,Ballon,D2855,15,LHA,,,,,,,,,,,,,,,,,,,,,,,
HDS,Ballon,D2855,16,LHA,,,,,,,,,,,,,,,,,,,,,,,
HDS,Ballon,D2855,17,LLA,,,,,,,,,,,,,,,,,,,,,,,
HDS,Ballon,D2855,18,LLA,,,,,,,,,,,,,,,,,,,,,,,
HDS,Ballon,D2855,19,LG,,,,,,,,,,,,,,,,,,,,,,,
HDS,Ballon,D2855,20,LG,,,,,,,,,,,,,,,,,,,,,,,
HDS,Ballon,D2855,21,LIC,,,,,,,,,,,,,,,,,,,,,,,
HDS,Ballon,D2855,22,LIC,,,,,,,,,,,,,,,,,,,,,,,
HDS,Ballon,D2855,23,LG,,,,,,,,,,,,,,,,,,,,,,,
HDS,Ballon,D2855,24,LG,,,,,,,,,,,,,,,,,,,,,,,
HDS,Ballon,DH1411,1,Sortie eau,,,,,,,,,,,,,,,,,,,,,,,
HDS,Ballon,DH1411,2,Entrée vapeur,,,,,,,,,,,,,,,,,,,,,,,
HDS,Ballon,DH1411,3,Soupapes,,,,,,,,,,,,,,,,,,,,,,,
HDS,Ballon,DH1411,4,Trop Plein,,,,,,,,,,,,,,,,,,,,,,,
HDS,Ballon,DH1411,5,Entrée vapeur,,,,,,,,,,,,,,,,,,,,,,,
HDS,Ballon,DH1411,6,Surverse / vidange,,,,,,,,,,,,,,,,,,,,,,,
HDS,Ballon,DH1411,7,Clapet Casse Vide,,,,,,,,,,,,,,,,,,,,,,,
HDS,Ballon,DH1411,8,Clapet Casse Vide,,,,,,,,,,,,,,,,,,,,,,,
HDS,Ballon,DH1411,9,Bouchon d'epreuve,,,,,,,,,,,,,,,,,,,,,,,
HDS,Ballon,DH1411,10,Bouchon d'epreuve,,,,,,,,,,,,,,,,,,,,,,,
HDS,Ballon,DH1411,11,Degazage,,,,,,,,,,,,,,,,,,,,,,,
HDS,Ballon,DH1411,12,Entrée Eau,,,,,,,,,,,,,,,,,,,,,,,
HDS,Ballon,DH1411,13,TH,,,,,,,,,,,,,,,,,,,,,,,
HDS,Ballon,DH1411,14,TH,,,,,,,,,,,,,,,,,,,,,,,
HDS,Ballon,DH1411,15,Piquage Haut LIC 537,,,,,,,,,,,,,,,,,,,,,,,
HDS,Ballon,DH1411,16,"Piquage 2""",,,,,,,,,,,,,,,,,,,,,,,
HDS,Ballon,DH1411,17,Piquage Haut LHO 538,,,,,,,,,,,,,,,,,,,,,,,
HDS,Ballon,DH1411,18,Piquage Bas LHO 538,,,,,,,,,,,,,,,,,,,,,,,
HDS,Ballon,DH1411,19,Piquage Bas LIC 537,,,,,,,,,,,,,,,,,,,,,,,
HDS,Ballon,DH1411,20,"Piquage 2""",,,,,,,,,,,,,,,,,,,,,,,
HDS,Ballon,DH1411,21,Piquage Bas LG inf,,,,,,,,,,,,,,,,,,,,,,,
HDS,Ballon,DH1411,22,Piquage Haut LG inf,,,,,,,,,,,,,,,,,,,,,,,
HDS,Ballon,DH1411,23,Piquage Bas LG sup,,,,,,,,,,,,,,,,,,,,,,,
HDS,Ballon,DH1411,24,Piquage Haut LG sup,,,,,,,,,,,,,,,,,,,,,,,
HDS,Ballon,DH1411,25,Bouchon ,,,,,,,,,,,,,,,,,,,,,,,
HDS,Ballon,DH1411,26,Canne d'injection sulfite,,,,,,,,,,,,,,,,,,,,,,,
HDS,Echangeur,E1150A-B,1,Entrée BD,,,,,,,,,,,,,,,,,,,,,,,
HDS,Echangeur,E1150A-B,2,Sortie BD,,,,,,,,,,,,,,,,,,,,,,,
HDS,Echangeur,E1150A-B,3,ENTREE CALANDRE,,,,,,,,,,,,,,,,,,,,,,,
HDS,Echangeur,E1150A-B,4,Sortie Calandre,,,,,,,,,,,,,,,,,,,,,,,
HDS,Echangeur,E1154A-B,1,Entrée Boite ,,,,,,,,,,,,,,,,,,,,,,,
HDS,Echangeur,E1154A-B,2,Sortie Boite,,,,,,,,,,,,,,,,,,,,,,,
HDS,Echangeur,E1154A-B,3,Entrée Calandre,,,,,,,,,,,,,,,,,,,,,,,
HDS,Echangeur,E1154A-B,4,Sortie Calandre,,,,,,,,,,,,,,,,,,,,,,,
HDS,Echangeur,E1154A-B,1,Entrée Boite ,,,,,,,,,,,,,,,,,,,,,,,
HDS,Echangeur,E1154A-B,2,Sortie Boite,,,,,,,,,,,,,,,,,,,,,,,
HDS,Echangeur,E1154A-B,3,Entrée Calandre,,,,,,,,,,,,,,,,,,,,,,,
HDS,Echangeur,E1154A-B,4,Sortie Calandre,,,,,,,,,,,,,,,,,,,,,,,
HDS,Echangeur,E1156,1,Entrée d'Eau Refrigérèe,,,,,,,,,,,,,,,,,,,,,,,
HDS,Echangeur,E1156,2,Sortie d'Eau Refrigérèe,,,,,,,,,,,,,,,,,,,,,,,
HDS,Echangeur,E1156,3,Entrée GAZ Chaud,,,,,,,,,,,,,,,,,,,,,,,
HDS,Echangeur,E1156,4,Sortie GAZ vers D1151,,,,,,,,,,,,,,,,,,,,,,,
HDS,Echangeur,E1159,1,Entrée Boite ,,,,,,,,,,,,,,,,,,,,,,,
HDS,Echangeur,E1159,2,Sortie Boite,,,,,,,,,,,,,,,,,,,,,,,
HDS,Echangeur,E1159,3,Entrée Calandre,,,,,,,,,,,,,,,,,,,,,,,
HDS,Echangeur,E1159,4,Sortie Calandre,,,,,,,,,,,,,,,,,,,,,,,
HDS,Echangeur,E1160,1,Entrée BD,,,,,,,,,,,,,,,,,,,,,,,
HDS,Echangeur,E1160,2,Sortie BD,,,,,,,,,,,,,,,,,,,,,,,
HDS,Echangeur,E1160,3,Entrée Calandre,,,,,,,,,,,,,,,,,,,,,,,
HDS,Echangeur,E1160,4,Sortie Calandre,,,,,,,,,,,,,,,,,,,,,,,
HDS,Echangeur,E1161A,1,Entrée GO de E1150C,,,,,,,,,,,,,,,,,,,,,,,
HDS,Echangeur,E1161A,2,Sortie GO vers TCV222,,,,,,,,,,,,,,,,,,,,,,,
HDS,Echangeur,E1161A,3,Entrée de T1150,,,,,,,,,,,,,,,,,,,,,,,
HDS,Echangeur,E1161A,4,Sortie vers E1161B,,,,,,,,,,,,,,,,,,,,,,,
HDS,Echangeur,E1161B,1,Entrée GO de E1150A,,,,,,,,,,,,,,,,,,,,,,,
HDS,Echangeur,E1161B,2,Sortie GO vers TCV222,,,,,,,,,,,,,,,,,,,,,,,
HDS,Echangeur,E1161B,3,Entrée de T1151,,,,,,,,,,,,,,,,,,,,,,,
HDS,Echangeur,E1161B,4,Sortie vers E1150A,,,,,,,,,,,,,,,,,,,,,,,
HDS,Echangeur,E1164,1,LEVEL CONTROL LHA 187,,,,,,,,,,,,,,,,,,,,,,,
HDS,Echangeur,E1164,2,LEVEL CONTROL LHA 187,,,,,,,,,,,,,,,,,,,,,,,
HDS,Echangeur,E1164,3,LEVEL CONTROL LG,,,,,,,,,,,,,,,,,,,,,,,
HDS,Echangeur,E1164,4,LEVEL CONTROL LG,,,,,,,,,,,,,,,,,,,,,,,
HDS,Echangeur,E1164,5,LEVEL CONTROL LIC 186,,,,,,,,,,,,,,,,,,,,,,,
HDS,Echangeur,E1164,6,LEVEL CONTROL LIC 186,,,,,,,,,,,,,,,,,,,,,,,
HDS,Echangeur,E1164,7,WATER OUTLET ext,,,,,,,,,,,,,,,,,,,,,,,
HDS,Echangeur,E1164,8,WATER OUTLET PC,,,,,,,,,,,,,,,,,,,,,,,
HDS,Echangeur,E1164,9,GO OUTLET,,,,,,,,,,,,,,,,,,,,,,,
HDS,Echangeur,E1164,10,GO INLET,,,,,,,,,,,,,,,,,,,,,,,
HDS,Echangeur,E1164,11,SAFETY VALVE,,,,,,,,,,,,,,,,,,,,,,,
HDS,Echangeur,E1164,12,STEAM OUTLET,,,,,,,,,,,,,,,,,,,,,,,
HDS,Echangeur,E1164,13,STEAM OUTLET,,,,,,,,,,,,,,,,,,,,,,,
HDS,Echangeur,E1164,14,WATER INLET,,,,,,,,,,,,,,,,,,,,,,,
HDS,Echangeur,E1164,15,WATER INLET,,,,,,,,,,,,,,,,,,,,,,,
HDS,Echangeur,E1168,1,Entrée Calandre,,,,,,,,,,,,,,,,,,,,,,,
HDS,Echangeur,E1168,2,Sortie Calandre,,,,,,,,,,,,,,,,,,,,,,,
HDS,Echangeur,E1168,3,Entrée Distributeur ,,,,,,,,,,,,,,,,,,,,,,,
HDS,Echangeur,E1168,4,Sortie Distributeur,,,,,,,,,,,,,,,,,,,,,,,
HDS,Echangeur,E1705,1,Entrée GAZ de R1702,,,,,,,,,,,,,,,,,,,,,,,
HDS,Echangeur,E1705,2,Sortie GAZ de E1703,,,,,,,,,,,,,,,,,,,,,,,
HDS,Echangeur,E1705,3,Sortie Vapeur ,,,,,,,,,,,,,,,,,,,,,,,
HDS,Echangeur,E1705,4,Sortie Souffre vers T1710,,,,,,,,,,,,,,,,,,,,,,,
HDS,Echangeur,E1705,5,Event ,,,,,,,,,,,,,,,,,,,,,,,
HDS,Echangeur,E1705,6,Purges de Chaudiere ,,,,,,,,,,,,,,,,,,,,,,,
HDS,Echangeur,E1705,7,Purges continus Extractions,,,,,,,,,,,,,,,,,,,,,,,
HDS,Echangeur,E1705,8,Sortie vers SV170SAB,,,,,,,,,,,,,,,,,,,,,,,
HDS,Echangeur,E1705,9,Sortie vers SV170SAB,,,,,,,,,,,,,,,,,,,,,,,
HDS,Echangeur,E1705,10,Entrée Vapeur sat,,,,,,,,,,,,,,,,,,,,,,,
HDS,Echangeur,E1705,11,Entrée Vapeur sortie condensat,,,,,,,,,,,,,,,,,,,,,,,
HDS,Echangeur,E1705,12,Entrée Vapeur sortie condensat,,,,,,,,,,,,,,,,,,,,,,,
HDS,Echangeur,E1705,13,Entrée Eau ,,,,,,,,,,,,,,,,,,,,,,,
HDS,Echangeur,E1705,14,LIC,,,,,,,,,,,,,,,,,,,,,,,
HDS,Echangeur,E1705,15,LIC,,,,,,,,,,,,,,,,,,,,,,,
HDS,Echangeur,E1705,16,LG,,,,,,,,,,,,,,,,,,,,,,,
HDS,Echangeur,E1705,17,LG,,,,,,,,,,,,,,,,,,,,,,,
HDS,Echangeur,E1705,18,LLO,,,,,,,,,,,,,,,,,,,,,,,
HDS,Echangeur,E1705,19,LLO,,,,,,,,,,,,,,,,,,,,,,,
HDS,Echangeur,E1705,20,LHA/LLA,,,,,,,,,,,,,,,,,,,,,,,
HDS,Echangeur,E1705,21,LHA/LLA,,,,,,,,,,,,,,,,,,,,,,,
HDS,Echangeur,E1706,1,Entrée de R1703,,,,,,,,,,,,,,,,,,,,,,,
HDS,Echangeur,E1706,2,Sortie Eau,,,,,,,,,,,,,,,,,,,,,,,
HDS,Echangeur,E1706,3,Soupapes,,,,,,,,,,,,,,,,,,,,,,,
HDS,Echangeur,E1706,4,Soupapes,,,,,,,,,,,,,,,,,,,,,,,
HDS,Echangeur,E1706,5,Sortie vers Incinérateur ,,,,,,,,,,,,,,,,,,,,,,,
HDS,Echangeur,E1706,6,Sortie vers T1701,,,,,,,,,,,,,,,,,,,,,,,
HDS,Echangeur,E1706,7,Entrée Vapeur Saturée,,,,,,,,,,,,,,,,,,,,,,,
HDS,Echangeur,E1706,8,Entrée Vapeur Saturée,,,,,,,,,,,,,,,,,,,,,,,
HDS,Echangeur,E1706,9,Sortie Condensats,,,,,,,,,,,,,,,,,,,,,,,
HDS,Echangeur,E1706,10,Entrée Eau,,,,,,,,,,,,,,,,,,,,,,,
HDS,Echangeur,E1706,11,Drain,,,,,,,,,,,,,,,,,,,,,,,
HDS,Echangeur,E2113A-C,1,ENTREE EAU E2113C,,,,,,,,,,,,,,,,,,,,,,,
HDS,Echangeur,E2113A-C,2,SORTIE EAU E2113A,,,,,,,,,,,,,,,,,,,,,,,
HDS,Echangeur,E2113A-C,3,ENTREE ESSENCE E2113A,,,,,,,,,,,,,,,,,,,,,,,
HDS,Echangeur,E2113A-C,4,SORTIE ESSENCE E2113A,,,,,,,,,,,,,,,,,,,,,,,
HDS,Echangeur,E2113A-C,1,ENTREE EAU E2113C,,,,,,,,,,,,,,,,,,,,,,,
HDS,Echangeur,E2113A-C,2,SORTIE EAU E2113A,,,,,,,,,,,,,,,,,,,,,,,
HDS,Echangeur,E2113A-C,3,ENTREE ESSENCE E2113A,,,,,,,,,,,,,,,,,,,,,,,
HDS,Echangeur,E2113A-C,4,SORTIE ESSENCE E2113A,,,,,,,,,,,,,,,,,,,,,,,
HDS,Echangeur,E2113B-D,1,ENTREE EAU E2113C,,,,,,,,,,,,,,,,,,,,,,,
HDS,Echangeur,E2113B-D,2,SORTIE EAU E2113A,,,,,,,,,,,,,,,,,,,,,,,
HDS,Echangeur,E2113B-D,3,ENTREE ESSENCE E2113A,,,,,,,,,,,,,,,,,,,,,,,
HDS,Echangeur,E2113B-D,4,SORTIE ESSENCE E2113A,,,,,,,,,,,,,,,,,,,,,,,
HDS,Echangeur,E2114,1,ENTREE EAU,,,,,,,,,,,,,,,,,,,,,,,
HDS,Echangeur,E2114,2,SORTIE EAU,,,,,,,,,,,,,,,,,,,,,,,
HDS,Echangeur,E2114,3,ENTREE DE C2101A,,,,,,,,,,,,,,,,,,,,,,,
HDS,Echangeur,E2114,4,SORTIE VERS D2103,,,,,,,,,,,,,,,,,,,,,,,
HDS,Echangeur,E2600B-C,1,Entrée E2600C de D2601,,,,,,,,,,,,,,,,,,,,,,,
HDS,Echangeur,E2600B-C,2,Sortie E2600B vers E2600A,,,,,,,,,,,,,,,,,,,,,,,
HDS,Echangeur,E2600B-C,3,Entrée de E2600A ,,,,,,,,,,,,,,,,,,,,,,,
HDS,Echangeur,E2600B-C,4,Sortie vers E2601,,,,,,,,,,,,,,,,,,,,,,,
HDS,Echangeur,E2602,1,Entrée Vapeur MS,,,,,,,,,,,,,,,,,,,,,,,
HDS,Echangeur,E2602,2,Sortie Condensats,,,,,,,,,,,,,,,,,,,,,,,
HDS,Echangeur,E2602,3,Sortie Gazeuse vers T2601,,,,,,,,,,,,,,,,,,,,,,,
HDS,Echangeur,E2602,4,Sortie Gazeuse vers T2601,,,,,,,,,,,,,,,,,,,,,,,
HDS,Echangeur,E2602,5,Entrée MEA,,,,,,,,,,,,,,,,,,,,,,,
HDS,Echangeur,E2602,6,Sortie MEA,,,,,,,,,,,,,,,,,,,,,,,
HDS,Echangeur,E2602,7,Recuperation Boues,,,,,,,,,,,,,,,,,,,,,,,
HDS,Echangeur,E2602,8,Event,,,,,,,,,,,,,,,,,,,,,,,
HDS,Echangeur,E2602,9,Event,,,,,,,,,,,,,,,,,,,,,,,
HDS,Echangeur,E2602,10,Trou de Visite,,,,,,,,,,,,,,,,,,,,,,,
HDS,Echangeur,E2602,11,LIC,,,,,,,,,,,,,,,,,,,,,,,
HDS,Echangeur,E2602,12,LIC,,,,,,,,,,,,,,,,,,,,,,,
HDS,Echangeur,E2602,13,LG,,,,,,,,,,,,,,,,,,,,,,,
HDS,Echangeur,E2602,14,LG,,,,,,,,,,,,,,,,,,,,,,,
HDS,Echangeur,E2801,1,Entrée de D2803,,,,,,,,,,,,,,,,,,,,,,,
HDS,Echangeur,E2801,2,Sortie vers T2804,,,,,,,,,,,,,,,,,,,,,,,
HDS,Echangeur,E2801,3,Entrée de E2804,,,,,,,,,,,,,,,,,,,,,,,
HDS,Echangeur,E2801,4,Sortie vers E2802,,,,,,,,,,,,,,,,,,,,,,,
HDS,Echangeur,E2804,1,Entrée Vapeur MS,,,,,,,,,,,,,,,,,,,,,,,
HDS,Echangeur,E2804,2,Sortie Condensat,,,,,,,,,,,,,,,,,,,,,,,
HDS,Echangeur,E2804,3,Entrée MEA ,,,,,,,,,,,,,,,,,,,,,,,
HDS,Echangeur,E2804,4,Sortie vers MEA,,,,,,,,,,,,,,,,,,,,,,,
HDS,Echangeur,E2804,5,Controleur de Niveau,,,,,,,,,,,,,,,,,,,,,,,
HDS,Echangeur,E2804,6,Controleur de Niveau,,,,,,,,,,,,,,,,,,,,,,,
HDS,Echangeur,E2804,7,Niveau à Glace,,,,,,,,,,,,,,,,,,,,,,,
HDS,Echangeur,E2804,8,Niveau à Glace,,,,,,,,,,,,,,,,,,,,,,,
HDS,Echangeur,E2804,9,Sortie vers T2804,,,,,,,,,,,,,,,,,,,,,,,
HDS,Echangeur,E2804,10,Sortie vers T2804,,,,,,,,,,,,,,,,,,,,,,,
HDS,Four,F1701-E1701,1,TROU D'HOMME,,,,,,,,,,,,,,,,,,,,,,,
HDS,Four,F1701-E1701,2,SORTIE VERS E1702,,,,,,,,,,,,,,,,,,,,,,,
HDS,Four,F1701-E1701,3,PURGE,,,,,,,,,,,,,,,,,,,,,,,
HDS,Four,F1701-E1701,4,SORTIE VAPEUR,,,,,,,,,,,,,,,,,,,,,,,
HDS,Four,F1701-E1701,5,ENTREE DE D1703,,,,,,,,,,,,,,,,,,,,,,,
HDS,Four,F1701-E1701,6,ENTREE VAPEUR,,,,,,,,,,,,,,,,,,,,,,,
HDS,Four,F1701-E1701,7,ENTREE DE D1703,,,,,,,,,,,,,,,,,,,,,,,
HDS,Four,F1701-E1701,8,SORTIE D'EAU,,,,,,,,,,,,,,,,,,,,,,,
HDS,Four,F1701-E1701,9,VOYANT DE FERRULE,,,,,,,,,,,,,,,,,,,,,,,
HDS,Four,F1701-E1701,10,H2 VERS BRULEUR MEA,,,,,,,,,,,,,,,,,,,,,,,
HDS,Four,F1701-E1701,11,GOF VERS BRULEUR MEA,,,,,,,,,,,,,,,,,,,,,,,
HDS,Four,F1701-E1701,12,VAPEUR VERS NEZ MEA,,,,,,,,,,,,,,,,,,,,,,,
HDS,Four,F1701-E1701,13,BLOW BACH VERS SWS,,,,,,,,,,,,,,,,,,,,,,,
HDS,Four,F1701-E1701,14,BLOW BACH VERS SWS,,,,,,,,,,,,,,,,,,,,,,,
HDS,Four,F1701-E1701,15,AIR VERS SWS,,,,,,,,,,,,,,,,,,,,,,,
HDS,Four,F1701-E1701,16,H2S VERS SWS,,,,,,,,,,,,,,,,,,,,,,,
HDS,Four,F1701-E1701,17,GOF VERS SWS,,,,,,,,,,,,,,,,,,,,,,,
HDS,Four,F1701-E1701,18,VAPEUR VERS NEZ SWS,,,,,,,,,,,,,,,,,,,,,,,
HDS,Four,F1701-E1701,19,TI OU ATTENTE,,,,,,,,,,,,,,,,,,,,,,,
HDS,Four,F1701-E1701,20,TI OU ATTENTE,,,,,,,,,,,,,,,,,,,,,,,
HDS,Four,F1701-E1701,21,TI OU ATTENTE,,,,,,,,,,,,,,,,,,,,,,,
HDS,Four,F1701-E1701,22,TI OU ATTENTE,,,,,,,,,,,,,,,,,,,,,,,
HDS,Four,F1701-E1701,23,AIR VERS BRULEUR MEA,,,,,,,,,,,,,,,,,,,,,,,
HDS,Four,F1701-E1701,24,TROU HOMME,,,,,,,,,,,,,,,,,,,,,,,
HDS,Four,F1701-E1701,25,BLOW BACH VERS MEA,,,,,,,,,,,,,,,,,,,,,,,
HDS,Four,F1701-E1701,26,TROU HOMME,,,,,,,,,,,,,,,,,,,,,,,
HDS,Four,F1701-E1701,27,TROU HOMME,,,,,,,,,,,,,,,,,,,,,,,
HDS,Four,F1701-E1701,28,N2 VERS F-1701,,,,,,,,,,,,,,,,,,,,,,,
HDS,Four,F1701-E1701,29,N2 VERS F-1701,,,,,,,,,,,,,,,,,,,,,,,
HDS,Four,F1702-E1702,1,ENTREE GAZ E1701,,,,,,,,,,,,,,,,,,,,,,,
HDS,Four,F1702-E1702,2,SORTIE CALANDRE,,,,,,,,,,,,,,,,,,,,,,,
HDS,Four,F1702-E1702,3,SORTIE VERS SV1703AB,,,,,,,,,,,,,,,,,,,,,,,
HDS,Four,F1702-E1702,4,SORTIE VERS SV1703AB,,,,,,,,,,,,,,,,,,,,,,,
HDS,Four,F1702-E1702,5,PURGES DE CHAUDIERE,,,,,,,,,,,,,,,,,,,,,,,
HDS,Four,F1702-E1702,6,ENTREE VAP / SORTIE COND,,,,,,,,,,,,,,,,,,,,,,,
HDS,Four,F1702-E1702,7,ENTREE VAP / SORTIE COND,,,,,,,,,,,,,,,,,,,,,,,
HDS,Four,F1702-E1702,8,SORTIE VERS T1701,,,,,,,,,,,,,,,,,,,,,,,
HDS,Four,F1702-E1702,9,ENTREE VAPEUR BP,,,,,,,,,,,,,,,,,,,,,,,
HDS,Four,F1702-E1702,10,PURGES DE CHAUDIERE,,,,,,,,,,,,,,,,,,,,,,,
HDS,Four,F1702-E1702,11,ENTREE DE E1706,,,,,,,,,,,,,,,,,,,,,,,
HDS,Four,F1702-E1702,12,piquage Haut Lic,,,,,,,,,,,,,,,,,,,,,,,
HDS,Four,F1702-E1702,13,piquage BAS Lic,,,,,,,,,,,,,,,,,,,,,,,
HDS,Four,F1702-E1702,14,piquage Haut LG,,,,,,,,,,,,,,,,,,,,,,,
HDS,Four,F1702-E1702,15,piquage BAS LG,,,,,,,,,,,,,,,,,,,,,,,
HDS,Four,F1702-E1702,16,piquage Haut LHA,,,,,,,,,,,,,,,,,,,,,,,
HDS,Four,F1702-E1702,17,piquage BAS LHA,,,,,,,,,,,,,,,,,,,,,,,
HDS,Four,F1702-E1702,18,piquage Haut LLO,,,,,,,,,,,,,,,,,,,,,,,
HDS,Four,F1702-E1702,19,piquage BAS LLO,,,,,,,,,,,,,,,,,,,,,,,
HDS,Four,F1702-E1702,20,EVENT,,,,,,,,,,,,,,,,,,,,,,,
HDS,Four,F1702-E1702,21,SORTIE F1702 VERS R1701,,,,,,,,,,,,,,,,,,,,,,,
HDS,Four,F1702-E1702,22,AIR VERS F1702,,,,,,,,,,,,,,,,,,,,,,,
HDS,Four,F1702-E1702,23,H2S VERS F1702,,,,,,,,,,,,,,,,,,,,,,,
HDS,Four,F1702-E1702,24,VAPEUR VERS NEZ,,,,,,,,,,,,,,,,,,,,,,,
HDS,Four,F1702-E1702,25,FG VERS F1702,,,,,,,,,,,,,,,,,,,,,,,
HDS,Four,F1702-E1702,26,AIR BLOW BACH,,,,,,,,,,,,,,,,,,,,,,,
HDS,Four,F1703-E1704,1,ENTREE GAZ E1703,,,,,,,,,,,,,,,,,,,,,,,
HDS,Four,F1703-E1704,2,SORTIE CALANDRE,,,,,,,,,,,,,,,,,,,,,,,
HDS,Four,F1703-E1704,3,SORTIE VERS SV1704AB,,,,,,,,,,,,,,,,,,,,,,,
HDS,Four,F1703-E1704,4,SORTIE VERS SV1704AB,,,,,,,,,,,,,,,,,,,,,,,
HDS,Four,F1703-E1704,5,PURGES DE CHAUDIERE,,,,,,,,,,,,,,,,,,,,,,,
HDS,Four,F1703-E1704,6,ENTREE VAP / SORTIE COND,,,,,,,,,,,,,,,,,,,,,,,
HDS,Four,F1703-E1704,7,ENTREE VAP / SORTIE COND,,,,,,,,,,,,,,,,,,,,,,,
HDS,Four,F1703-E1704,8,SORTIE VERS T1701,,,,,,,,,,,,,,,,,,,,,,,
HDS,Four,F1703-E1704,9,ENTREE VAPEUR BP,,,,,,,,,,,,,,,,,,,,,,,
HDS,Four,F1703-E1704,10,PURGES DE CHAUDIERE,,,,,,,,,,,,,,,,,,,,,,,
HDS,Four,F1703-E1704,11,ENTREE DE E1706,,,,,,,,,,,,,,,,,,,,,,,
HDS,Four,F1703-E1704,12,piquage Haut Lic,,,,,,,,,,,,,,,,,,,,,,,
HDS,Four,F1703-E1704,13,piquage BAS Lic,,,,,,,,,,,,,,,,,,,,,,,
HDS,Four,F1703-E1704,14,piquage Haut LG,,,,,,,,,,,,,,,,,,,,,,,
HDS,Four,F1703-E1704,15,piquage BAS LG,,,,,,,,,,,,,,,,,,,,,,,
HDS,Four,F1703-E1704,16,piquage Haut LHA,,,,,,,,,,,,,,,,,,,,,,,
HDS,Four,F1703-E1704,17,piquage BAS LHA,,,,,,,,,,,,,,,,,,,,,,,
HDS,Four,F1703-E1704,18,piquage Haut LLO,,,,,,,,,,,,,,,,,,,,,,,
HDS,Four,F1703-E1704,19,piquage BAS LLO,,,,,,,,,,,,,,,,,,,,,,,
HDS,Four,F1703-E1704,20,EVENT,,,,,,,,,,,,,,,,,,,,,,,
HDS,Four,F1703-E1704,21,SORTIE F1703 VERS R1702,,,,,,,,,,,,,,,,,,,,,,,
HDS,Four,F1703-E1704,22,AIR VERS F1703,,,,,,,,,,,,,,,,,,,,,,,
HDS,Four,F1703-E1704,23,H2S VERS F1703,,,,,,,,,,,,,,,,,,,,,,,
HDS,Four,F1703-E1704,24,VAPEUR VERS NEZ,,,,,,,,,,,,,,,,,,,,,,,
HDS,Four,F1703-E1704,25,FG VERS F1703,,,,,,,,,,,,,,,,,,,,,,,
HDS,Four,F1703-E1704,26,AIR BLOW BACH,,,,,,,,,,,,,,,,,,,,,,,
HDS,Four,F1704,1,FUEL GAZ,,,,,,,,,,,,,,,,,,,,,,,
HDS,Four,F1704,2,Pilote ,,,,,,,,,,,,,,,,,,,,,,,
HDS,Four,F1704,3,Pilote ,,,,,,,,,,,,,,,,,,,,,,,
HDS,Four,F1704,4,Depress chambre (local),,,,,,,,,,,,,,,,,,,,,,,
HDS,Four,F1704,5,Blow Back,,,,,,,,,,,,,,,,,,,,,,,
HDS,Four,F1704,6,Blow Back,,,,,,,,,,,,,,,,,,,,,,,
HDS,Four,F1704,7,Vapeur vers Cheminée,,,,,,,,,,,,,,,,,,,,,,,
HDS,Four,F1704,8,Gaz de Queue vers Incine,,,,,,,,,,,,,,,,,,,,,,,
HDS,Four,F1704,9,Trou d'Homme,,,,,,,,,,,,,,,,,,,,,,,
HDS,Four,F1704,10,Sortie Fumées,,,,,,,,,,,,,,,,,,,,,,,
HDS,Four,F2101,1,BRUT de E2124 vers entrée F2101,,,,,,,,,,,,,,,,,,,,,,,
HDS,Four,F2101,2,Vapeur de SAAD,,,,,,,,,,,,,,,,,,,,,,,
HDS,Four,F2101,3,AIR de SAAD,,,,,,,,,,,,,,,,,,,,,,,
HDS,Four,F2101,4,BRUT sortie F2101,,,,,,,,,,,,,,,,,,,,,,,
HDS,Four,F2101,5,Effluent SAAD vers cheminée,,,,,,,,,,,,,,,,,,,,,,,
HDS,Four,F2101,6,FG vers bruleurs,,,,,,,,,,,,,,,,,,,,,,,
HDS,Four,F2101,7,PG vers bruleurs,,,,,,,,,,,,,,,,,,,,,,,
HDS,Four,F2101,8,FG et PG vers SD,,,,,,,,,,,,,,,,,,,,,,,
HDS,Four,F2101,9,Canne VAC RESID N° 1,,,,,,,,,,,,,,,,,,,,,,,
HDS,Four,F2101,10,Canne VAC RESID N° 2,,,,,,,,,,,,,,,,,,,,,,,
HDS,Four,F2101,11,Canne VAC RESID N° 3,,,,,,,,,,,,,,,,,,,,,,,
HDS,Four,F2101,12,Canne VAC RESID N° 4,,,,,,,,,,,,,,,,,,,,,,,
HDS,Four,F2101,13,Canne VAC RESID N° 5,,,,,,,,,,,,,,,,,,,,,,,
HDS,Four,F2101,14,Canne VAC RESID N° 6,,,,,,,,,,,,,,,,,,,,,,,
HDS,Four,F2101,15,Canne VAC RESID N° 7,,,,,,,,,,,,,,,,,,,,,,,
HDS,Four,F2101,16,Canne VAC RESID N° 8,,,,,,,,,,,,,,,,,,,,,,,
HDS,Four,F2101,17,Canne VAC RESID N° 9,,,,,,,,,,,,,,,,,,,,,,,
HDS,Four,F2101,18,Canne VAC RESID N° 10,,,,,,,,,,,,,,,,,,,,,,,
HDS,Four,F2101,19,Canne VAC RESID N° 11,,,,,,,,,,,,,,,,,,,,,,,
HDS,Four,F2101,20,Canne VAC RESID N° 12,,,,,,,,,,,,,,,,,,,,,,,
HDS,Four,F2101,21,Canne VAC RESID N° 13,,,,,,,,,,,,,,,,,,,,,,,
HDS,Four,F2101,22,Canne VAC RESID N° 14,,,,,,,,,,,,,,,,,,,,,,,
HDS,Four,F2101,23,Canne VAC RESID N° 15,,,,,,,,,,,,,,,,,,,,,,,
HDS,Four,F2101,24,Canne VAC RESID N° 16,,,,,,,,,,,,,,,,,,,,,,,
HDS,Four,F2101,25,Recirculation VAC vers T2101,,,,,,,,,,,,,,,,,,,,,,,
HDS,Four,F2101,26,Vapeur de SNUFFING,,,,,,,,,,,,,,,,,,,,,,,
HDS,Four,F2101,27,Vapeur atomisation VAC,,,,,,,,,,,,,,,,,,,,,,,
HDS,Four,F2101,28,Sortie fumée vers Cheminée,,,,,,,,,,,,,,,,,,,,,,,
HDS,Four,F2101,29,E2123 Sortie fumée ,,,,,,,,,,,,,,,,,,,,,,,
HDS,Four,F2101,30,E2123 Entrée Fumée,,,,,,,,,,,,,,,,,,,,,,,
HDS,Four,F2101,31,E2123 Sortie AIR,,,,,,,,,,,,,,,,,,,,,,,
HDS,Four,F2101,32,E2123 Entrée AIR,,,,,,,,,,,,,,,,,,,,,,,
HDS,Four,F2101,33,Refoulement B2101A,,,,,,,,,,,,,,,,,,,,,,,
HDS,Four,F2101,34,Refoulement B2101B,,,,,,,,,,,,,,,,,,,,,,,
HDS,Four,F2101,35,Vapeur HS vers ramoneurs,,,,,,,,,,,,,,,,,,,,,,,
HDS,Four,F2101,36,Vapeur HS vers tubes guide,,,,,,,,,,,,,,,,,,,,,,,
HDS,Four,F2101,37,Entrée surchauffeur vapeur MS,,,,,,,,,,,,,,,,,,,,,,,
HDS,Four,F2101,38,Sortie surchauffeur vapeur MS,,,,,,,,,,,,,,,,,,,,,,,
HDS,Tour,T1802,1,Gas Sortie Tête,,,,,,,,,,,,,,,,,,,,,,,
HDS,Tour,T1802,2, Entrée MEA ,,,,,,,,,,,,,,,,,,,,,,,
HDS,Tour,T1802,3,Entrée Gas de D1151,,,,,,,,,,,,,,,,,,,,,,,
HDS,Tour,T1802,4,Sortie MEA,,,,,,,,,,,,,,,,,,,,,,,
HDS,Tour,T1802,5,Event ,,,,,,,,,,,,,,,,,,,,,,,
HDS,Tour,T1802,6,Piquage Haut T1 L850 IC,,,,,,,,,,,,,,,,,,,,,,,
HDS,Tour,T1802,7,Piquage Bas T1 L850 IC,,,,,,,,,,,,,,,,,,,,,,,
HDS,Tour,T1802,8,Piquage Haut T1 L851 HA,,,,,,,,,,,,,,,,,,,,,,,
HDS,Tour,T1802,9,Piquage Bas T1 L851 HA,,,,,,,,,,,,,,,,,,,,,,,
HDS,Tour,T1802,10,Piquage Haut LG,,,,,,,,,,,,,,,,,,,,,,,
HDS,Tour,T1802,11,Piquage Bas LG,,,,,,,,,,,,,,,,,,,,,,,
HDS,Tour,T1802,12,Trou d' Homme sup,,,,,,,,,,,,,,,,,,,,,,,
HDS,Tour,T1802,13,Trou d' Homme Fond de Tour,,,,,,,,,,,,,,,,,,,,,,,
HDS,Tour,T2101,1,Event T 2101,,,,,,,,,,,,,,,,,,,,,,,
HDS,Tour,T2101,2,Sortie vapeurs tête T- 2101,,,,,,,,,,,,,,,,,,,,,,,
HDS,Tour,T2101,3,Amine filmante P-2116,,,,,,,,,,,,,,,,,,,,,,,
HDS,Tour,T2101,4,Retours vapeur de T-2102,,,,,,,,,,,,,,,,,,,,,,,
HDS,Tour,T2101,5,1er soutirage vers  T-2102,,,,,,,,,,,,,,,,,,,,,,,
HDS,Tour,T2101,6,1er soutirage vers  T-2102,,,,,,,,,,,,,,,,,,,,,,,
HDS,Tour,T2101,7,Retour UPA  contre T-2101,,,,,,,,,,,,,,,,,,,,,,,
HDS,Tour,T2101,8,Retour UPA  contre T-2101,,,,,,,,,,,,,,,,,,,,,,,
HDS,Tour,T2101,9,Soutirage UPA,,,,,,,,,,,,,,,,,,,,,,,
HDS,Tour,T2101,10,Soutirage UPA,,,,,,,,,,,,,,,,,,,,,,,
HDS,Tour,T2101,11,"2ème soutirage ""light""",,,,,,,,,,,,,,,,,,,,,,,
HDS,Tour,T2101,12,"2ème soutirage ""light""",,,,,,,,,,,,,,,,,,,,,,,
HDS,Tour,T2101,13,Retour vapeurs de T-2103,,,,,,,,,,,,,,,,,,,,,,,
HDS,Tour,T2101,14,Retour vapeurs de T-2103,,,,,,,,,,,,,,,,,,,,,,,
HDS,Tour,T2101,15,2ème SS vers T-2103,,,,,,,,,,,,,,,,,,,,,,,
HDS,Tour,T2101,16,2ème SS vers T-2103,,,,,,,,,,,,,,,,,,,,,,,
HDS,Tour,T2101,17,Retour LPA contre T-2101,,,,,,,,,,,,,,,,,,,,,,,
HDS,Tour,T2101,18,3ème soutirage sortie T-2101,,,,,,,,,,,,,,,,,,,,,,,
HDS,Tour,T2101,19,3ème soutirage sortie T-2101,,,,,,,,,,,,,,,,,,,,,,,
HDS,Tour,T2101,20,Retour  vapeurs de T 2104,,,,,,,,,,,,,,,,,,,,,,,
HDS,Tour,T2101,21,Soutirage LPA,,,,,,,,,,,,,,,,,,,,,,,
HDS,Tour,T2101,22,Soutirage LPA,,,,,,,,,,,,,,,,,,,,,,,
HDS,Tour,T2101,23,Retour BPA  contre T-2101,,,,,,,,,,,,,,,,,,,,,,,
HDS,Tour,T2101,24,soutirage BPA et 4ème SS  vers T-2104,,,,,,,,,,,,,,,,,,,,,,,
HDS,Tour,T2101,25,soutirage BPA et 4ème SS  vers T-2104,,,,,,,,,,,,,,,,,,,,,,,
HDS,Tour,T2101,26,Retour Wash Oil contre T-2101,,,,,,,,,,,,,,,,,,,,,,,
HDS,Tour,T2101,27,Piquage haut  LC 103,,,,,,,,,,,,,,,,,,,,,,,
HDS,Tour,T2101,28,Piquage bas  LC 103,,,,,,,,,,,,,,,,,,,,,,,
HDS,Tour,T2101,29,Piquage haut  LC 183,,,,,,,,,,,,,,,,,,,,,,,
HDS,Tour,T2101,30,Piquage bas  LC 183,,,,,,,,,,,,,,,,,,,,,,,
HDS,Tour,T2101,31,Dégazage P-2102 A et B,,,,,,,,,,,,,,,,,,,,,,,
HDS,Tour,T2101,32,Fond T 2101,,,,,,,,,,,,,,,,,,,,,,,
HDS,Tour,T2101,33,Vapeur de strippage T-2101,,,,,,,,,,,,,,,,,,,,,,,
HDS,Tour,T2101,34,Bipasse SV 2106 A- D,,,,,,,,,,,,,,,,,,,,,,,
HDS,Tour,T2101,35,SV 2106 A,,,,,,,,,,,,,,,,,,,,,,,
HDS,Tour,T2101,36,SV 2106 B,,,,,,,,,,,,,,,,,,,,,,,
HDS,Tour,T2101,37,SV 2106 C,,,,,,,,,,,,,,,,,,,,,,,
HDS,Tour,T2101,38,SV 2106 D,,,,,,,,,,,,,,,,,,,,,,,
HDS,Tour,T2101,39,Bipasse SV-2110 A/B vers ligne transfert,,,,,,,,,,,,,,,,,,,,,,,
HDS,Tour,T2101,40,Echappement SV-2110 B vers ligne transfert,,,,,,,,,,,,,,,,,,,,,,,
HDS,Tour,T2101,41,Echappement SV-2110 A vers ligne transfert,,,,,,,,,,,,,,,,,,,,,,,
HDS,Tour,T2101,42,Vac resid vers T2101,,,,,,,,,,,,,,,,,,,,,,,
HDS,Tour,T2101,43,Sortie F 2101,,,,,,,,,,,,,,,,,,,,,,,
HDS,Tour,T2101,44,E2127 via PCV 250 vers T2101,,,,,,,,,,,,,,,,,,,,,,,
HDS,Tour,T2101,45,E2127 via bypass PCV 250 vers T2101,,,,,,,,,,,,,,,,,,,,,,,
HDS,Tour,T2101,46,Reflux froid aval FCV 148,,,,,,,,,,,,,,,,,,,,,,,
HDS,Tour,T2101,47,BYPASS LCV 110,,,,,,,,,,,,,,,,,,,,,,,
HDS,Tour,T2101,48,Manchette aval LCV 110,,,,,,,,,,,,,,,,,,,,,,,
HDS,Tour,T2101,49,Strip-outs vers reflux T-2101,,,,,,,,,,,,,,,,,,,,,,,
HDS,Tour,T2101,50,Trou d' hommes,,,,,,,,,,,,,,,,,,,,,,,
HDS,Tour,T2101,51,Trou d' hommes,,,,,,,,,,,,,,,,,,,,,,,
HDS,Tour,T2101,52,Trou d' hommes,,,,,,,,,,,,,,,,,,,,,,,
HDS,Tour,T2101,53,Trou d' hommes,,,,,,,,,,,,,,,,,,,,,,,
HDS,Tour,T2101,54,Trou d' hommes,,,,,,,,,,,,,,,,,,,,,,,
HDS,Tour,T2101,55,Trou d' hommes,,,,,,,,,,,,,,,,,,,,,,,
HDS,Tour,T2101,56,Trou d' hommes,,,,,,,,,,,,,,,,,,,,,,,
HDS,Tour,T2101,57,Trou d' hommes,,,,,,,,,,,,,,,,,,,,,,,
HDS,Tour,T2101,58,Trou d' hommes,,,,,,,,,,,,,,,,,,,,,,,
HDS,Tour,T2101,59,Trou d' hommes,,,,,,,,,,,,,,,,,,,,,,,
HDS,Tour,T2101,60,Trou d' hommes,,,,,,,,,,,,,,,,,,,,,,,
HDS,Tour,T2102,1,SORTIE VAPEUR,,,,,,,,,,,,,,,,,,,,,,,
HDS,Tour,T2102,2,TH SUP,,,,,,,,,,,,,,,,,,,,,,,
HDS,Tour,T2102,3,ALIMENTATION,,,,,,,,,,,,,,,,,,,,,,,
HDS,Tour,T2102,4,ENTREE VAPEUR,,,,,,,,,,,,,,,,,,,,,,,
HDS,Tour,T2102,5,ENTREE VAPEUR,,,,,,,,,,,,,,,,,,,,,,,
HDS,Tour,T2102,6,TH INF,,,,,,,,,,,,,,,,,,,,,,,
HDS,Tour,T2102,7,SORTIE LIQUIDE,,,,,,,,,,,,,,,,,,,,,,,
HDS,Tour,T2102,8,PIQUAGE HAUT SUP,,,,,,,,,,,,,,,,,,,,,,,
HDS,Tour,T2102,9,PIQUAGE BAS SUP,,,,,,,,,,,,,,,,,,,,,,,
HDS,Tour,T2102,10,PIQUAGE HAUT INF,,,,,,,,,,,,,,,,,,,,,,,
HDS,Tour,T2102,11,PIQUAGE BAS INF,,,,,,,,,,,,,,,,,,,,,,,
HDS,Tour,T2102,12,PIQUAGE HAUT LIC,,,,,,,,,,,,,,,,,,,,,,,
HDS,Tour,T2102,13,PIQUAGE BAS LIC,,,,,,,,,,,,,,,,,,,,,,,
HDS,Tour,T2102,14,HOT TOP VAPEUR,,,,,,,,,,,,,,,,,,,,,,,
HDS,Tour,T2103,1,Gas Sortie Tête vers T2101,,,,,,,,,,,,,,,,,,,,,,,
HDS,Tour,T2103,2,Alimentation 3eme Soutirage,,,,,,,,,,,,,,,,,,,,,,,
HDS,Tour,T2103,3,Entrée Vapeur de Strippage,,,,,,,,,,,,,,,,,,,,,,,
HDS,Tour,T2103,4,Entrée Vapeur de Strippage,,,,,,,,,,,,,,,,,,,,,,,
HDS,Tour,T2103,5,Ligne d'équilibre avec D2106,,,,,,,,,,,,,,,,,,,,,,,
HDS,Tour,T2103,6,Sortie Liquide vers D2106,,,,,,,,,,,,,,,,,,,,,,,
HDS,Tour,T2103,7,Piquage Haut LG,,,,,,,,,,,,,,,,,,,,,,,
HDS,Tour,T2103,8,Piquage Bas LG,,,,,,,,,,,,,,,,,,,,,,,
HDS,Tour,T2103,9,Trou d'Homme Superieur,,,,,,,,,,,,,,,,,,,,,,,
HDS,Tour,T2103,10,Trou d'Homme Fond de Tour,,,,,,,,,,,,,,,,,,,,,,,
HDS,Tour,T2104,1,RETOUR VAPEUR T2101,,,,,,,,,,,,,,,,,,,,,,,
HDS,Tour,T2104,2,TROU D'HOMME,,,,,,,,,,,,,,,,,,,,,,,
HDS,Tour,T2104,3,ALIMENTATION,,,,,,,,,,,,,,,,,,,,,,,
HDS,Tour,T2104,4,ENTREE VAPEUR,,,,,,,,,,,,,,,,,,,,,,,
HDS,Tour,T2104,5,TROU D'HOMME,,,,,,,,,,,,,,,,,,,,,,,
HDS,Tour,T2104,6,PIQUAGE SUP LIC105,,,,,,,,,,,,,,,,,,,,,,,
HDS,Tour,T2104,7,PIQUAGE INF LIC105,,,,,,,,,,,,,,,,,,,,,,,
HDS,Tour,T2104,8,PIQUAGE SUP LG,,,,,,,,,,,,,,,,,,,,,,,
HDS,Tour,T2104,9,PIQUAGE INF LG,,,,,,,,,,,,,,,,,,,,,,,
HDS,Tour,T2104,10,PIQUAGE SUP LIC185,,,,,,,,,,,,,,,,,,,,,,,
HDS,Tour,T2104,11,PIQUAGE INF LIC185,,,,,,,,,,,,,,,,,,,,,,,
HDS,Tour,T2104,12,PIQUAGE SUP LG,,,,,,,,,,,,,,,,,,,,,,,
HDS,Tour,T2104,13,SORTIE LIQUIDE,,,,,,,,,,,,,,,,,,,,,,,
HDS,Tour,T2601,1,Sortie vapeur,,,,,,,,,,,,,,,,,,,,,,,
HDS,Tour,T2601,2,Event,,,,,,,,,,,,,,,,,,,,,,,
HDS,Tour,T2601,3,Entrée Reflux,,,,,,,,,,,,,,,,,,,,,,,
HDS,Tour,T2601,4,Trou d'Homme,,,,,,,,,,,,,,,,,,,,,,,
HDS,Tour,T2601,5,Trou d'Homme,,,,,,,,,,,,,,,,,,,,,,,
HDS,Tour,T2601,6,Trou d'Homme,,,,,,,,,,,,,,,,,,,,,,,
HDS,Tour,T2601,7,Entrée Charge,,,,,,,,,,,,,,,,,,,,,,,
HDS,Tour,T2601,8,PDI,,,,,,,,,,,,,,,,,,,,,,,
HDS,Tour,T2601,9,Retour Vapeur de Rebouilleur & Recrémeur,,,,,,,,,,,,,,,,,,,,,,,
HDS,Tour,T2601,10,Entrée eau d'Appoint,,,,,,,,,,,,,,,,,,,,,,,
HDS,Tour,T2601,11,PIQUAGE HAUT LG,,,,,,,,,,,,,,,,,,,,,,,
HDS,Tour,T2601,12,PIQUAGE BAS LG,,,,,,,,,,,,,,,,,,,,,,,
HDS,Tour,T2601,13,Alimentation Rebouilleur,,,,,,,,,,,,,,,,,,,,,,,
HDS,Tour,T2804,1,Trou d'Homme,,,,,,,,,,,,,,,,,,,,,,,
HDS,Tour,T2804,2,Trou d'Homme,,,,,,,,,,,,,,,,,,,,,,,
HDS,Tour,T2804,3,Trou d'Homme,,,,,,,,,,,,,,,,,,,,,,,
HDS,Tour,T2804,4,ALIMENTATION,,,,,,,,,,,,,,,,,,,,,,,
HDS,Tour,T2804,5,REFLUX,,,,,,,,,,,,,,,,,,,,,,,
HDS,Tour,T2804,6,RETOUR VAPEUR REB,,,,,,,,,,,,,,,,,,,,,,,
HDS,Tour,T2804,7,SORTIE LIQUIDE,,,,,,,,,,,,,,,,,,,,,,,
HDS,Tour,T2804,8,SORTIE VAPEUR,,,,,,,,,,,,,,,,,,,,,,,
HDS,tour,,,,,,,,,,,,,,,,,,,,,,,,,,
