Unite,Famille,Item
HDS,Ballon,D1153
HDS,Ballon,D1155
HDS,Ballon,D1156
HDS,Ballon,D1157
HDS,Ballon,D1166
HDS,Ballon,D1414
HDS,Ballon,D1461
HDS,Ballon,D1463
HDS,Ballon,D1611
HDS,Ballon,D1612
HDS,Ballon,D1703
HDS,Ballon,D2101
HDS,Ballon,D2102
HDS,Ballon,D2103
HDS,Ballon,D2106
HDS,Ballon,D2803
HDS,Ballon,D2855
HDS,Ballon,DH1411
HDS,Echangeur,E1150A-B
HDS,Echangeur,E1154A-B
HDS,Echangeur,E1156
HDS,Echangeur,E1159
HDS,Echangeur,E1160
HDS,Echangeur,E1161A
HDS,Echangeur,E1161B
HDS,Echangeur,E1164
HDS,Echangeur,E1168
HDS,Echangeur,E1705
HDS,Echangeur,E1706
HDS,Echangeur,E2113A-C
HDS,Echangeur,E2113B-D
HDS,Echangeur,E2114
HDS,Echangeur,E2600B-C
HDS,Echangeur,E2602
HDS,Echangeur,E2801
HDS,Echangeur,E2804
HDS,Four,F1701-E1701
REF,Four,F1702-E1702
HDS,Four,F1703-E1704
HDS,Four,F1704
HDS,Four,F2101
HDS,Tour,T1802
HDS,Tour,T2101
HDS,Tour,T2102
HDS,Tour,T2103
HDS,Tour,T2104
HDS,Tour,T2601
HDS,Tour,T2804
DGO4,Ballon,D1
DGO4,Ballon,D2
DGO4,Ballon,D3
DGO4,Ballon,D4
DGO4,Ballon,D5
DGO4,Ballon,D6
DGO4,Ballon,D7
DGO4,Ballon,D8
DGO4,Réacteur,R1
DGO4,Réacteur,R2
DGO4,Réacteur,R3
DGO4,Réacteur,R4
DGO4,Réacteur,R5
DGO4,Réacteur,R6
DGO4,Réacteur,R7
DGO4,Réacteur,R8
DGO4,Réacteur,R9
DGO4,Réacteur,R10
DGO4,Réacteur,R11
DGO4,Réacteur,R12
DGO4,Réacteur,R13
DGO4,Tour,T1
DGO4,Tour,T2
DGO4,Tour,T3
DGO4,Tour,T4
DGO4,Tour,T5
DGO4,Tour,T6
